[{"model": "contenttypes.contenttype", "pk": 1, "fields": {"app_label": "admin", "model": "logentry"}}, {"model": "contenttypes.contenttype", "pk": 2, "fields": {"app_label": "auth", "model": "permission"}}, {"model": "contenttypes.contenttype", "pk": 3, "fields": {"app_label": "auth", "model": "group"}}, {"model": "contenttypes.contenttype", "pk": 4, "fields": {"app_label": "auth", "model": "user"}}, {"model": "contenttypes.contenttype", "pk": 5, "fields": {"app_label": "contenttypes", "model": "contenttype"}}, {"model": "contenttypes.contenttype", "pk": 6, "fields": {"app_label": "sessions", "model": "session"}}, {"model": "contenttypes.contenttype", "pk": 7, "fields": {"app_label": "exam", "model": "course"}}, {"model": "contenttypes.contenttype", "pk": 8, "fields": {"app_label": "exam", "model": "question"}}, {"model": "contenttypes.contenttype", "pk": 9, "fields": {"app_label": "exam", "model": "result"}}, {"model": "contenttypes.contenttype", "pk": 10, "fields": {"app_label": "teacher", "model": "teacher"}}, {"model": "contenttypes.contenttype", "pk": 11, "fields": {"app_label": "student", "model": "student"}}, {"model": "sessions.session", "pk": "8b5a9129j42bw48nhcj9vy2iyjogx6tn", "fields": {"session_data": "NjU5ZWY0Zjg0ODlkMmIxMWNhOTYzMTJlOWY2YTI4YTcxZTAxMDQ2MDp7Il9hdXRoX3VzZXJfaWQiOiIyIiwiX2F1dGhfdXNlcl9iYWNrZW5kIjoiZGphbmdvLmNvbnRyaWIuYXV0aC5iYWNrZW5kcy5Nb2RlbEJhY2tlbmQiLCJfYXV0aF91c2VyX2hhc2giOiJhMmFhNmMxZWUxZWY0MTQ5YmNhZWFhZDQ5ODNlZGM0M2E2MGEzMzc4In0=", "expire_date": "2022-06-21T03:16:59.638Z"}}, {"model": "sessions.session", "pk": "mwzb83kdsk06mi3tzwdbjivsa5q8gtmu", "fields": {"session_data": "NDUwZTE4MDhmZmViNGRiNmJmMGJlM2Q3OWY2MDRkOWMwOGJhOGEzMzp7Il9hdXRoX3VzZXJfaWQiOiI0IiwiX2F1dGhfdXNlcl9iYWNrZW5kIjoiZGphbmdvLmNvbnRyaWIuYXV0aC5iYWNrZW5kcy5Nb2RlbEJhY2tlbmQiLCJfYXV0aF91c2VyX2hhc2giOiI2NTg2MGVlN2VhZjVhYzEyMjYxMDIxZWZiNjQxMzM4MGMxOTBlZjM3In0=", "expire_date": "2025-04-08T20:58:08.816Z"}}, {"model": "sessions.session", "pk": "x5xw92mfvtsd5bz9nnnqzodujkcaynnt", "fields": {"session_data": "OTk3YjdlOWE5ZDM1YWI1YjU2YWMxZGQ2MzA0ZTM4Y2M2YTY0NTJiZTp7Il9hdXRoX3VzZXJfaWQiOiIzIiwiX2F1dGhfdXNlcl9iYWNrZW5kIjoiZGphbmdvLmNvbnRyaWIuYXV0aC5iYWNrZW5kcy5Nb2RlbEJhY2tlbmQiLCJfYXV0aF91c2VyX2hhc2giOiJjZGZmN2Q3N2U3OWRlNjdmYTBiOGY2ZGJiYzlhNjViN2VhM2EwMGVhIn0=", "expire_date": "2022-06-21T01:56:35.280Z"}}, {"model": "exam.course", "pk": 1, "fields": {"course_name": "BSIS", "question_number": 50, "total_marks": 100}}, {"model": "exam.course", "pk": 2, "fields": {"course_name": "BSIT", "question_number": 10, "total_marks": 50}}, {"model": "exam.course", "pk": 4, "fields": {"course_name": "SPM", "question_number": 2, "total_marks": 20}}, {"model": "exam.course", "pk": 5, "fields": {"course_name": "Mathematics", "question_number": 4, "total_marks": 20}}, {"model": "exam.course", "pk": 6, "fields": {"course_name": "BI", "question_number": 2, "total_marks": 20}}, {"model": "exam.course", "pk": 7, "fields": {"course_name": "sic", "question_number": 2, "total_marks": 10}}, {"model": "exam.question", "pk": 1, "fields": {"course": 1, "marks": 25, "question": "Sample Only", "option1": "sample", "option2": "sampl1", "option3": "test", "option4": "test 4", "answer": "Option3"}}, {"model": "exam.question", "pk": 2, "fields": {"course": 1, "marks": 25, "question": "Sample #2", "option1": "Wrong", "option2": "Right", "option3": "Wrong", "option4": "Wrong", "answer": "Option2"}}, {"model": "exam.question", "pk": 3, "fields": {"course": 4, "marks": 10, "question": "What is the full form of SPM?", "option1": "state project management", "option2": "software project management", "option3": "software project maintenance", "option4": "solid project management", "answer": "Option2"}}, {"model": "exam.question", "pk": 4, "fields": {"course": 4, "marks": 10, "question": "what is SDLC?", "option1": "software development", "option2": "software development life cycle", "option3": "Software project management", "option4": "software life cycle", "answer": "Option2"}}, {"model": "exam.question", "pk": 5, "fields": {"course": 5, "marks": 5, "question": "5*5=?", "option1": "45", "option2": "30", "option3": "25", "option4": "20", "answer": "Option3"}}, {"model": "exam.question", "pk": 6, "fields": {"course": 5, "marks": 10, "question": "25+45", "option1": "60", "option2": "80", "option3": "75", "option4": "70", "answer": "Option4"}}, {"model": "exam.question", "pk": 7, "fields": {"course": 5, "marks": 5, "question": "100/25", "option1": "5", "option2": "4", "option3": "3", "option4": "6", "answer": "Option2"}}, {"model": "exam.question", "pk": 8, "fields": {"course": 2, "marks": 5, "question": "a bhs kshk sjkla", "option1": "a", "option2": "b", "option3": "c", "option4": "d", "answer": "Option2"}}, {"model": "exam.question", "pk": 9, "fields": {"course": 6, "marks": 10, "question": "what is BI", "option1": "aanahk", "option2": "ajak", "option3": "jaka", "option4": "jajak", "answer": "Option3"}}, {"model": "exam.question", "pk": 10, "fields": {"course": 7, "marks": 5, "question": "what is sic", "option1": "a", "option2": "b", "option3": "d", "option4": "r", "answer": "Option3"}}, {"model": "exam.question", "pk": 11, "fields": {"course": 7, "marks": 5, "question": "sjsks", "option1": "ds", "option2": "j", "option3": "hsh", "option4": "sh", "answer": "Option2"}}, {"model": "exam.result", "pk": 3, "fields": {"student": 2, "exam": 4, "marks": 20, "date": "2024-07-17T04:19:03.023Z"}}, {"model": "exam.result", "pk": 4, "fields": {"student": 2, "exam": 1, "marks": 25, "date": "2024-07-17T04:19:53.495Z"}}, {"model": "exam.result", "pk": 5, "fields": {"student": 3, "exam": 4, "marks": 20, "date": "2024-09-19T16:58:19.527Z"}}, {"model": "exam.result", "pk": 6, "fields": {"student": 3, "exam": 2, "marks": 5, "date": "2025-03-02T03:41:53.929Z"}}, {"model": "exam.result", "pk": 14, "fields": {"student": 7, "exam": 1, "marks": 25, "date": "2025-03-24T02:02:52.450Z"}}, {"model": "exam.result", "pk": 15, "fields": {"student": 7, "exam": 2, "marks": 0, "date": "2025-03-24T02:03:50.482Z"}}, {"model": "exam.result", "pk": 16, "fields": {"student": 7, "exam": 6, "marks": 10, "date": "2025-03-24T03:05:16.847Z"}}, {"model": "exam.result", "pk": 17, "fields": {"student": 8, "exam": 1, "marks": 25, "date": "2025-03-25T05:02:50.293Z"}}, {"model": "exam.result", "pk": 18, "fields": {"student": 8, "exam": 2, "marks": 5, "date": "2025-03-25T05:03:18.729Z"}}, {"model": "exam.result", "pk": 19, "fields": {"student": 8, "exam": 7, "marks": 5, "date": "2025-03-25T05:08:45.730Z"}}, {"model": "exam.result", "pk": 20, "fields": {"student": 8, "exam": 1, "marks": 0, "date": "2025-03-25T20:52:21.734Z"}}, {"model": "auth.permission", "pk": 1, "fields": {"name": "Can add log entry", "content_type": 1, "codename": "add_logentry"}}, {"model": "auth.permission", "pk": 2, "fields": {"name": "Can change log entry", "content_type": 1, "codename": "change_logentry"}}, {"model": "auth.permission", "pk": 3, "fields": {"name": "Can delete log entry", "content_type": 1, "codename": "delete_logentry"}}, {"model": "auth.permission", "pk": 4, "fields": {"name": "Can view log entry", "content_type": 1, "codename": "view_logentry"}}, {"model": "auth.permission", "pk": 5, "fields": {"name": "Can add permission", "content_type": 2, "codename": "add_permission"}}, {"model": "auth.permission", "pk": 6, "fields": {"name": "Can change permission", "content_type": 2, "codename": "change_permission"}}, {"model": "auth.permission", "pk": 7, "fields": {"name": "Can delete permission", "content_type": 2, "codename": "delete_permission"}}, {"model": "auth.permission", "pk": 8, "fields": {"name": "Can view permission", "content_type": 2, "codename": "view_permission"}}, {"model": "auth.permission", "pk": 9, "fields": {"name": "Can add group", "content_type": 3, "codename": "add_group"}}, {"model": "auth.permission", "pk": 10, "fields": {"name": "Can change group", "content_type": 3, "codename": "change_group"}}, {"model": "auth.permission", "pk": 11, "fields": {"name": "Can delete group", "content_type": 3, "codename": "delete_group"}}, {"model": "auth.permission", "pk": 12, "fields": {"name": "Can view group", "content_type": 3, "codename": "view_group"}}, {"model": "auth.permission", "pk": 13, "fields": {"name": "Can add user", "content_type": 4, "codename": "add_user"}}, {"model": "auth.permission", "pk": 14, "fields": {"name": "Can change user", "content_type": 4, "codename": "change_user"}}, {"model": "auth.permission", "pk": 15, "fields": {"name": "Can delete user", "content_type": 4, "codename": "delete_user"}}, {"model": "auth.permission", "pk": 16, "fields": {"name": "Can view user", "content_type": 4, "codename": "view_user"}}, {"model": "auth.permission", "pk": 17, "fields": {"name": "Can add content type", "content_type": 5, "codename": "add_contenttype"}}, {"model": "auth.permission", "pk": 18, "fields": {"name": "Can change content type", "content_type": 5, "codename": "change_contenttype"}}, {"model": "auth.permission", "pk": 19, "fields": {"name": "Can delete content type", "content_type": 5, "codename": "delete_contenttype"}}, {"model": "auth.permission", "pk": 20, "fields": {"name": "Can view content type", "content_type": 5, "codename": "view_contenttype"}}, {"model": "auth.permission", "pk": 21, "fields": {"name": "Can add session", "content_type": 6, "codename": "add_session"}}, {"model": "auth.permission", "pk": 22, "fields": {"name": "Can change session", "content_type": 6, "codename": "change_session"}}, {"model": "auth.permission", "pk": 23, "fields": {"name": "Can delete session", "content_type": 6, "codename": "delete_session"}}, {"model": "auth.permission", "pk": 24, "fields": {"name": "Can view session", "content_type": 6, "codename": "view_session"}}, {"model": "auth.permission", "pk": 25, "fields": {"name": "Can add course", "content_type": 7, "codename": "add_course"}}, {"model": "auth.permission", "pk": 26, "fields": {"name": "Can change course", "content_type": 7, "codename": "change_course"}}, {"model": "auth.permission", "pk": 27, "fields": {"name": "Can delete course", "content_type": 7, "codename": "delete_course"}}, {"model": "auth.permission", "pk": 28, "fields": {"name": "Can view course", "content_type": 7, "codename": "view_course"}}, {"model": "auth.permission", "pk": 29, "fields": {"name": "Can add question", "content_type": 8, "codename": "add_question"}}, {"model": "auth.permission", "pk": 30, "fields": {"name": "Can change question", "content_type": 8, "codename": "change_question"}}, {"model": "auth.permission", "pk": 31, "fields": {"name": "Can delete question", "content_type": 8, "codename": "delete_question"}}, {"model": "auth.permission", "pk": 32, "fields": {"name": "Can view question", "content_type": 8, "codename": "view_question"}}, {"model": "auth.permission", "pk": 33, "fields": {"name": "Can add result", "content_type": 9, "codename": "add_result"}}, {"model": "auth.permission", "pk": 34, "fields": {"name": "Can change result", "content_type": 9, "codename": "change_result"}}, {"model": "auth.permission", "pk": 35, "fields": {"name": "Can delete result", "content_type": 9, "codename": "delete_result"}}, {"model": "auth.permission", "pk": 36, "fields": {"name": "Can view result", "content_type": 9, "codename": "view_result"}}, {"model": "auth.permission", "pk": 37, "fields": {"name": "Can add teacher", "content_type": 10, "codename": "add_teacher"}}, {"model": "auth.permission", "pk": 38, "fields": {"name": "Can change teacher", "content_type": 10, "codename": "change_teacher"}}, {"model": "auth.permission", "pk": 39, "fields": {"name": "Can delete teacher", "content_type": 10, "codename": "delete_teacher"}}, {"model": "auth.permission", "pk": 40, "fields": {"name": "Can view teacher", "content_type": 10, "codename": "view_teacher"}}, {"model": "auth.permission", "pk": 41, "fields": {"name": "Can add student", "content_type": 11, "codename": "add_student"}}, {"model": "auth.permission", "pk": 42, "fields": {"name": "Can change student", "content_type": 11, "codename": "change_student"}}, {"model": "auth.permission", "pk": 43, "fields": {"name": "Can delete student", "content_type": 11, "codename": "delete_student"}}, {"model": "auth.permission", "pk": 44, "fields": {"name": "Can view student", "content_type": 11, "codename": "view_student"}}, {"model": "auth.group", "pk": 1, "fields": {"name": "TEACHER", "permissions": []}}, {"model": "auth.group", "pk": 2, "fields": {"name": "STUDENT", "permissions": []}}, {"model": "auth.user", "pk": 1, "fields": {"password": "pbkdf2_sha256$180000$cXH6t1COQO4m$oHvP7cbbEu5W1Wrm2U8aBHAGwpMIdZC3yVfYz+OY19Y=", "last_login": "2022-06-07T03:30:59.686Z", "is_superuser": true, "username": "admin", "first_name": "", "last_name": "", "email": "admin@mail.com", "is_staff": true, "is_active": true, "date_joined": "2022-06-07T01:04:51.823Z", "groups": [], "user_permissions": []}}, {"model": "auth.user", "pk": 2, "fields": {"password": "pbkdf2_sha256$180000$u9OwU25HBUF6$oV+2O3bk/RIFiLT7veOMBs0FMYJcN4BluBcxtPE9Ksg=", "last_login": "2022-06-07T03:23:12.738Z", "is_superuser": false, "username": "cblake", "first_name": "Claire", "last_name": "Blake", "email": "", "is_staff": false, "is_active": true, "date_joined": "2022-06-07T01:07:53.458Z", "groups": [1], "user_permissions": []}}, {"model": "auth.user", "pk": 4, "fields": {"password": "pbkdf2_sha256$180000$BVq63deJjBMV$itQDGMgIJJcJu+vQ/MXPROiWimMqYrdDnfabiSYqmBw=", "last_login": "2025-03-25T20:58:08.801Z", "is_superuser": true, "username": "anishraut", "first_name": "", "last_name": "", "email": "rautanish1901@gmail.com", "is_staff": true, "is_active": true, "date_joined": "2024-07-17T03:53:14.194Z", "groups": [], "user_permissions": []}}, {"model": "auth.user", "pk": 5, "fields": {"password": "pbkdf2_sha256$180000$pC7quehcXA95$dIWOQZ3yJeEomRj6/MIHd19+feYSqfpXRTeK6Vq9Saw=", "last_login": "2024-09-19T10:09:30.249Z", "is_superuser": false, "username": "jaya", "first_name": "Jaya", "last_name": "Raut", "email": "", "is_staff": false, "is_active": true, "date_joined": "2024-07-17T04:16:22.818Z", "groups": [2], "user_permissions": []}}, {"model": "auth.user", "pk": 7, "fields": {"password": "pbkdf2_sha256$180000$QGlVVpQVFTOm$O30ZOcuSp17qNtrFH1cAZYdJvZHnRM4bkiuUvCyK3Zg=", "last_login": "2024-09-19T10:13:07.705Z", "is_superuser": false, "username": "sushant", "first_name": "sushant", "last_name": "sawant", "email": "", "is_staff": false, "is_active": true, "date_joined": "2024-09-11T05:33:07.691Z", "groups": [1], "user_permissions": []}}, {"model": "auth.user", "pk": 8, "fields": {"password": "pbkdf2_sha256$180000$QCzCYxR09uQl$uNP4GvmIa77Ju35/XH6mWydte8HfNISsXnsKIP+qAUE=", "last_login": "2025-03-02T03:41:37.258Z", "is_superuser": false, "username": "Pranav", "first_name": "Pranav", "last_name": "Desai", "email": "", "is_staff": false, "is_active": true, "date_joined": "2024-09-19T16:50:35.302Z", "groups": [2], "user_permissions": []}}, {"model": "auth.user", "pk": 10, "fields": {"password": "pbkdf2_sha256$180000$QvuKZQjh2Ki6$vYGA82ANw8BeZTEexlHeFmxBar7fbJ0Baf0OtgetRn8=", "last_login": "2024-09-19T17:25:08.849Z", "is_superuser": false, "username": "Pranesh", "first_name": "Pranesh", "last_name": "Sakpal", "email": "", "is_staff": false, "is_active": true, "date_joined": "2024-09-19T17:09:52.153Z", "groups": [1], "user_permissions": []}}, {"model": "auth.user", "pk": 11, "fields": {"password": "pbkdf2_sha256$180000$7YpS4mIOstNF$bdTeB5Iah89o3TcTOBYQPbxncazkgLaRAOqnTyxYJpk=", "last_login": "2025-02-20T00:33:43.017Z", "is_superuser": false, "username": "Raj", "first_name": "Raj", "last_name": "Balgude", "email": "", "is_staff": false, "is_active": true, "date_joined": "2025-02-20T00:03:39.887Z", "groups": [2], "user_permissions": []}}, {"model": "auth.user", "pk": 13, "fields": {"password": "pbkdf2_sha256$180000$xS20t1rIXz63$lGcZN2c9q8KYcUFcYqeSb7gu27YvEVh0jPSlbgZFxL8=", "last_login": "2025-03-20T04:13:01.057Z", "is_superuser": false, "username": "tejal", "first_name": "tejal", "last_name": "bhave", "email": "", "is_staff": false, "is_active": true, "date_joined": "2025-03-20T04:07:38.048Z", "groups": [1], "user_permissions": []}}, {"model": "auth.user", "pk": 15, "fields": {"password": "pbkdf2_sha256$180000$JVIOaBo2hJBR$UNY/NLte2PJGSM6rWBh2yqcGpw7Ox94fxYNVqi1urMc=", "last_login": "2025-03-24T03:05:05.640Z", "is_superuser": false, "username": "neel", "first_name": "Neel", "last_name": "Jadhav", "email": "", "is_staff": false, "is_active": true, "date_joined": "2025-03-24T02:02:03.951Z", "groups": [2], "user_permissions": []}}, {"model": "auth.user", "pk": 16, "fields": {"password": "pbkdf2_sha256$180000$36pE9nl1roeU$8bbWsxeDTsjETI3oIbZ8zbSr0NM9RnMoj32gQpmmfDg=", "last_login": "2025-03-25T20:46:18.554Z", "is_superuser": false, "username": "sachin", "first_name": "sachin", "last_name": "mali", "email": "", "is_staff": false, "is_active": true, "date_joined": "2025-03-25T05:02:15.636Z", "groups": [2], "user_permissions": []}}, {"model": "auth.user", "pk": 17, "fields": {"password": "pbkdf2_sha256$180000$4zkPD2NKMi0Y$dQGuPHeMf3KXYw8Q/vFPoWuFUQr705MjU7TI5VhYt7g=", "last_login": "2025-03-25T05:06:55.339Z", "is_superuser": false, "username": "ash", "first_name": "ashwini", "last_name": "desai", "email": "", "is_staff": false, "is_active": true, "date_joined": "2025-03-25T05:04:48.891Z", "groups": [1], "user_permissions": []}}, {"model": "teacher.teacher", "pk": 1, "fields": {"user": 2, "profile_pic": "profile_pic/Teacher/avatar3.png", "address": "Sample Address", "mobile": "09123564789", "status": true, "salary": 25000}}, {"model": "teacher.teacher", "pk": 3, "fields": {"user": 7, "profile_pic": "profile_pic/Teacher/Headphone1_0jDFkNY.jpg", "address": "Gokuldham socity,powder galli goregaon E", "mobile": "8456213678", "status": true, "salary": 40000}}, {"model": "teacher.teacher", "pk": 5, "fields": {"user": 10, "profile_pic": "profile_pic/Teacher/WhatsApp_Image_2024-09-19_at_10.35.04_PM_A22hFG9.jpeg", "address": "Aashirwad society,bandra east", "mobile": "9345624874", "status": true, "salary": 45000}}, {"model": "teacher.teacher", "pk": 6, "fields": {"user": 13, "profile_pic": "profile_pic/Teacher/Headphone1.jpg", "address": "andheri", "mobile": "95645632563", "status": true, "salary": 25000}}, {"model": "teacher.teacher", "pk": 7, "fields": {"user": 17, "profile_pic": "profile_pic/Teacher/ryan-loughlin-J2V5PUUDYR8-unsplash.jpg", "address": "malad", "mobile": "954686323", "status": true, "salary": 2565633}}, {"model": "student.student", "pk": 2, "fields": {"user": 5, "profile_pic": "profile_pic/Student/WhatsApp_Image_2023-12-26_at_9.52.02_PM_1.jpeg", "address": "tanaji nagar, malad east", "mobile": "9654568657"}}, {"model": "student.student", "pk": 3, "fields": {"user": 8, "profile_pic": "profile_pic/Student/WhatsApp_Image_2024-09-19_at_10.17.52_PM.jpeg", "address": "Vengurla", "mobile": "9656845682"}}, {"model": "student.student", "pk": 4, "fields": {"user": 11, "profile_pic": "profile_pic/Student/restaurant1.jpg", "address": "Ratnagiri", "mobile": "8652485648"}}, {"model": "student.student", "pk": 7, "fields": {"user": 15, "profile_pic": "profile_pic/Student/Headphone1_CN5yE3k.jpg", "address": "Satara", "mobile": "6854669566"}}, {"model": "student.student", "pk": 8, "fields": {"user": 16, "profile_pic": "profile_pic/Student/Headphone1_30GVpew.jpg", "address": "malad", "mobile": "9563632133"}}]